Type,Name,Request Count,Failure Count,Median Response Time,Average Response Time,Min Response Time,Max Response Time,Average Content Size,Requests/s,Failures/s,50%,66%,75%,80%,90%,95%,98%,99%,99.9%,99.99%,100%
GET,/,394375,158129,11000.0,11020.474518379657,1.001869997708127,48354.93323599803,174.91938383518226,62.8262318761621,25.190869655393055,11000,15000,18000,19000,21000,24000,26000,27000,30000,32000,48000
GET,/echo,393946,155024,11000.0,11222.412199638335,0.9718899964354932,48351.46698099561,178.30633640143574,62.75788968034625,24.696225091271387,11000,16000,18000,19000,21000,24000,26000,27000,30000,33000,48000
POST,/echo,702982,291434,11000.0,11398.89578440502,1.036405003105756,48350.36758800561,110.6537350885229,111.98912237532345,46.4271316908968,11000,16000,18000,19000,22000,24000,27000,28000,30000,33000,48000
GET,/pretty_echo,392694,154546,11000.0,11228.847530922125,1.1328180044074543,48353.2723870012,22035.242657132527,62.55843879652006,24.620076910385666,11000,16000,18000,19000,21000,24000,26000,27000,30000,32000,48000
POST,/pretty_echo,702782,291247,11000.0,11400.004859332194,1.0401500039733946,48354.80453701166,21176.898728197364,111.95726121177293,46.39734150297707,11000,16000,18000,19000,21000,24000,27000,28000,30000,33000,48000
,Aggregated,2586779,1050380,11000.0,11288.812016123864,0.9718899964354932,48354.93323599803,9182.409980133594,412.0889439401248,167.33164485092396,11000,16000,18000,19000,21000,24000,26000,28000,30000,33000,48000
